代码 , 城市, 省份/国家, 国家
AAE , Annaba, Algeria
ABJ , Abidjan, Côte d'Ivoire
ABQ , Albuquerque, New Mexico, United States
ACC , Accra, Ghana
ADB , İzmir, Turkey
ADL , Adelaide, South Australia, Australia
AKL , Auckland, New Zealand
ALA , Almaty, Kazakhstan
ALG , Algiers, Algeria
AMD , Ahmedabad, Gujarat, India
AMM , Amman, Jordan
AMS , Amsterdam, Netherlands
ANC , Anchorage, Alaska, United States
AQG , Anqing, Anhui, China
ARI , Arica, Chile
ARN , Stockholm, Sweden
ARU , Araçatuba, São Paulo, Brazil
ASH , Nashua, New Hampshire, United States
ASK , Yamoussoukro, Côte d'Ivoire
ASU , Asunción, Paraguay
ATH , Athens, Greece
ATL , Atlanta, Georgia, United States
AUS , Austin, Texas, United States
BAH , Manama, Bahrain
BAQ , Barranquilla, Colombia
BBI , Bhubaneswar, Odisha, India
BCN , Barcelona, Catalonia, Spain
BEG , Belgrade, Serbia
BEL , Belém, Pará, Brazil
BEY , Beirut, Lebanon
BGI , Bridgetown, Barbados
BGR , Bangor, Maine, United States
BGW , Baghdad, Iraq
BHY , Beihai, Guangxi, China
BKK , Bangkok, Thailand
BLR , Bangalore, Karnataka, India
BNA , Nashville, Tennessee, United States
BNE , Brisbane, Queensland, Australia
BNU , Blumenau, Santa Catarina, Brazil
BOD , Bordeaux, Aquitaine, France
BOG , Bogotá, Colombia
BOM , Mumbai, Maharashtra, India
BOS , Boston, Massachusetts, United States
BPE , Qinhuangdao, Hebei, China
BRU , Brussels, Belgium
BSB , Brasília, Distrito Federal, Brazil
BSR , Basra, Iraq
BTS , Bratislava, Slovakia
BUD , Budapest, Hungary
BUF , Buffalo, New York, United States
BWN , Bandar Seri Begawan, Brunei
CAI , Cairo, Egypt
CAN , Guangzhou, Guangdong, China
CAW , Campos dos Goytacazes, Rio de Janeiro, Brazil
CBR , Canberra, Australian Capital Territory, Australia
CCP , Concepción, Chile
CCU , Kolkata, West Bengal, India
CDG , Paris, Île,de,France, France
CEB , Lapu,Lapu, Philippines
CFC , Caçador, Santa Catarina, Brazil
CGB , Cuiabá, Mato Grosso, Brazil
CGD , Changde, Hunan, China
CGK , Jakarta, Indonesia
CGO , Zhengzhou, Henan, China
CGP , Chittagong, Bangladesh
CGQ , Changchun, Jilin, China
CGY , Cagayan de Oro, Philippines
CHC , Christchurch, New Zealand
CKG , Chongqing, China
CLE , Cleveland, Ohio, United States
CLT , Charlotte, North Carolina, United States
CMB , Colombo, Sri Lanka
CMH , Columbus, Ohio, United States
CMN , Casablanca, Morocco
CNF , Belo Horizonte, Minas Gerais, Brazil
CNN , Kannur, (Cannanore) Kerala, India
CNX , Chiang Mai, Thailand
COK , Kochi (Cochin), Kerala, India
COR , Córdoba, Córdoba, Argentina
CPH , Copenhagen, Denmark
CPT , Cape Town, South Africa
CRK , Clark Special Economic Zone, Philippines
CSX , Changsha, Hunan, China
CTU , Chengdu, Sichuan, China
CUR , Willemstad, Curaçao
CWB , Curitiba, Paraná, Brazil
CZX , Changzhou, Jiangsu, China
DAC , Dhaka, Bangladesh
DAD , Da Nang, Vietnam
DAR , Dar es Salaam, Tanzania
DEL , Delhi, India
DEN , Denver, Colorado, United States
DFW , Dallas, Texas, United States
DKR , Dakar, Senegal
DLC , Dalian, Liaoning, China
DME , Moscow, Russia
DMM , Dammam, Saudi Arabia
DOH , Doha, Qatar
DPS , Denpasar (Bali), Indonesia
DTW , Detroit, Michigan, United States
DUB , Dublin, Ireland
DUR , Durban, South Africa
DUS , Düsseldorf, North Rhine,Westphalia, Germany
DXB , Dubai, United Arab Emirates
EBB , Entebbe, Uganda
EBL , Erbil, Iraq
EDI , Edinburgh, Scotland, United Kingdom
EVN , Yerevan, Armenia
EWR , Newark, New Jersey, United States
EZE , Buenos Aires, Argentina
FCO , Rome, Lazio, Italy
FIH , Kinshasa, Democratic Republic of the Congo
FLN , Florianópolis, Santa Catarina, Brazil
FOC , Fuzhou, Fujian, China
FOR , Fortaleza, Ceará, Brazil
FRA , Frankfurt, Hessen, Germany
FSD , Sioux Falls, South Dakota, United States
FUK , Fukuoka, Kyushu, Japan
FUO , Foshan, Guangdong, China
GBE , Gaborone, Botswana
GDL , Guadalajara, Jalisco, Mexico
GEO , Georgetown, Guyana
GIG , Rio de Janeiro, Brazil
GND , St. George's, Grenada
GOT , Gothenburg, Sweden
GRU , São Paulo, Brazil
GUA , Guatemala City, Guatemala
GUM , Hagåtña, Guam
GVA , Geneva, Switzerland
GYD , Baku, Azerbaijan
GYE , Guayaquil, Ecuador
GYN , Goiânia, Goiás, Brazil
HAK , Haikou, Hainan, China
HAM , Hamburg, Germany
HAN , Hanoi, Vietnam
HBA , Hobart, Tasmania, Australia
HEL , Helsinki, Finland
HET , Hohhot, Inner Mongolia, China
HFA , Haifa, Israel
HFE , Hefei, Anhui, China
HGH , Hangzhou, Zhejiang, China
HKG , Hong Kong
HNL , Honolulu, Hawaii, United States
HNY , Hengyang, Hunan, China
HRE , Harare, Zimbabwe
HYD , Hyderabad, Telangana, India
HYN , Taizhou, Zhejiang, China
IAD , Washington, D.C.,1 United States
IAH , Houston, Texas, United States
ICN , Seoul, South Korea
IND , Indianapolis, Indiana, United States
ISB , Islamabad / Rawalpindi, Pakistan
IST , Istanbul, Turkey
ISU , Sulaymaniyah, Iraq
ITJ , Itajaí, Brazil
IXC , Chandigarh, India
JAX , Jacksonville, Florida, United States
JDO , Juazeiro do Norte, Ceará, Brazil
JED , Jeddah, Saudi Arabia
JHB , Johor Bahru, Johor, Malaysia
JIB , Djibouti, Djibouti
JJN , Quanzhou, Fujian, China
JNB , Johannesburg, South Africa
JOG , Yogyakarta, Indonesia
JOI , Joinville, Santa Catarina, Brazil
JSR , Jessore, Bangladesh
JUZ , Quzhou, Zhejiang, China
JXG , Hangzhou, Zhejiang, China
KBP , Kyiv, Ukraine
KCH , Kuching, Sarawak, Malaysia
KEF , Reykjavík, Iceland
KGL , Kigali, Rwanda
KHH , Kaohsiung, Taiwan
KHI , Karachi, Pakistan
KHN , Nanchang, Jiangxi, China
KHV , Khabarovsk, Khabarovsk Krai, Russia
KIN , Kingston, Jamaica
KIV , Chișinău, Moldova
KIX , Osaka, Japan
KJA , Krasnoyarsk, Krasnoyarsk Krai, Russia
KLD , Tver, Tver Oblast, Russia
KMG , Kunming, Yunnan, China
KNU , Kanpur, Uttar Pradesh, India
KTM , Kathmandu, Nepal
KUL , Kuala Lumpur,1 Malaysia
KWE , Guiyang, Guizhou, China
KWI , Kuwait City, Kuwait
LAD , Luanda, Angola
LAS , Las Vegas, Nevada, United States
LAX , Los Angeles, California, United States
LCA , Larnaca, Cyprus
LED , Saint Petersburg, Russia
LHE , Lahore, Pakistan
LHR , London, England, United Kingdom
LHW , Lanzhou, Gansu, China
LIM , Lima, Peru
LIS , Lisbon, Portugal
LLK , Lankaran, Azerbaijan
LOS , Lagos, Nigeria
LPB , La Paz, Bolivia
LUX , Luxembourg, Luxembourg
LYA , Luoyang, Henan, China
LYS , Lyon, France
MAA , Chennai, Tamil Nadu, India
MAD , Madrid, Spain
MAN , Manchester, England, United Kingdom
MAO , Manaus, Amazonas, Brazil
MBA , Mombasa, Kenya
MCI , Kansas City, Missouri, United States
MCT , Muscat, Oman
MDE , Medellín, Colombia
MDL , Mandalay, Myanmar
MEL , Melbourne, Victoria, Australia
MEM , Memphis, Tennessee, United States
MEX , Mexico City, Mexico
MFE , McAllen, Texas, United States
MFM , Macau
MGM , Montgomery, Alabama, United States
MIA , Miami, Florida, United States
MLE , Malé, Maldives
MNL , Manila, Philippines
MPM , Maputo, Mozambique
MRS , Marseille, Provence,Alpes,Côte d'Azur, France
MRU , Plaine Magnien, Mauritius
MSP , Minneapolis, Minnesota, United States
MSQ , Minsk, Belarus
MUC , Munich, Bavaria, Germany
MXP , Milan, Lombardy, Italy
NAG , Nagpur, Maharashtra, India
NAY , Beijing, China
NBG , New Orleans, Louisiana, United States
NBO , Nairobi, Kenya
NJF , Al Najaf, Iraq
NKG , Nanjing, Jiangsu, China
NNG , Nanning, Guangxi, China
NOU , Nouméa, New Caledonia
NQN , Neuquén, Neuquén, Argentina
NQZ , Nur,Sultan, Kazakhstan
NRT , Tokyo, Japan
NTG , Nantong, Jiangsu, China
NVT , Navegantes, Santa Catarina, Brazil
OKA , Okinawa, Japan
OKC , Oklahoma City, Oklahoma, United States
OMA , Omaha, Nebraska, United States
ORD , Chicago, Illinois, United States
ORF , Norfolk, Virginia, United States
ORK , Cork, Ireland
ORN , Oran, Algeria
OSL , Oslo, Norway
OTP , Bucharest, Romania
OUA , Ouagadougou, Burkina Faso
PAP , Port,au,Prince, Haiti
PAT , Patna, Bihar, India
PBH , Paro, Bhutan
PBM , Paramaribo, Suriname
PDX , Portland, Oregon, United States
PEK , Beijing, China
PER , Perth, Western Australia, Australia
PHL , Philadelphia, Pennsylvania, United States
PHX , Phoenix, Arizona, United States
PIG , San Jose, California, USA
PIT , Pittsburgh, Pennsylvania, United States
PKX , Beijing, China
PMO , Palermo, Sicily, Italy
PMW , Palmas, Tocantins, Brazil
PNH , Phnom Penh, Cambodia
POA , Porto Alegre, Rio Grande do Sul, Brazil
POS , Port of Spain, Trinidad and Tobago
PPT , Papeete, Tahiti, French Polynesia
PRG , Prague, Czechia
PTY , Panama City, Panama
PVG , Shanghai, China
QRO , Querétaro City, Querétaro, Mexico
QWJ , Americana, Brazil
RAO , Ribeirão Preto, São Paulo, Brazil
RDU , Raleigh / Durham, North Carolina, United States
REC , Recife, Pernambuco, Brazil
RGN , Yangon, Myanmar
RIC , Richmond, Virginia, United States
RIX , Riga, Latvia
ROB , Monrovia, Liberia
RUH , Riyadh, Saudi Arabia
RUN , St,Denis, Réunion, France
SAN , San Diego, California, United States
SAT , San Antonio, Texas, United States
SCL , Santiago, Chile
SDQ , Santo Domingo, Dominican Republic
SEA , Seattle, Washington, United States
SFO , San Francisco, California, United States
SGN , Ho Chi Minh City, Vietnam
SHA , Shanghai, China
SHE , Shenyang, Liaoning, China
SIN , Singapore
SJC , San Jose, California, United States
SJK , São José dos Campos, São Paulo, Brazil
SJO , San José, Costa Rica
SJP , São José do Rio Preto, São Paulo, Brazil
SJU , San Juan, Puerto Rico
SJW , Shijiazhuang, Hebei, China
SKG , Thessaloniki, Greece
SKP , Skopje, North Macedonia
SLC , Salt Lake City, Utah, United States
SMF , Sacramento, California, United States
SOD , Sorocaba, São Paulo, Brazil
SOF , Sofia, Bulgaria
SSA , Salvador, Bahia, Brazil
STI , Santiago de los Caballeros, Dominican Republic
STL , St. Louis, Missouri, United States
STR , Stuttgart, Baden,Württemberg, Germany
SUV , Suva, Fiji
SVX , Yekaterinburg, Sverdlovsk Oblast, Russia
SYD , Sydney, New South Wales, Australia
SZV , Suzhou, Jiangsu, China
SZX , Shenzhen, Guangdong, China
TAO , Qingdao, Shandong, China
TAS , Tashkent, Uzbekistan
TBS , Tbilisi, Georgia
TGU , Tegucigalpa, Honduras
TIA , Tirana, Albania
TKO , Tlokoeng, Lesotho
TLH , Tallahassee, Florida, United States
TLL , Tallinn, Estonia
TLV , Tel Aviv, Israel
TNA , Jinan, Shandong, China
TNR , Antananarivo, Madagascar
TPA , Tampa, Florida, United States
TPE , Taoyuan, Taiwan
TSN , Tianjin, China
TUN , Tunis, Tunisia
TXL , Berlin, Germany
TYN , Taiyuan, Shanxi, China
UDI , Uberlândia, Minas Gerais, Brazil
UIO , Quito, Ecuador
ULN , Ulaanbaatar, Mongolia
URT , Surat Thani, Thailand
VCP , São Paulo / Campinas, São Paulo, Brazil
VIE , Vienna, Austria
VIX , Vitória, Espírito Santo, Brazil
VNO , Vilnius, Lithuania
VTE , Vientiane, Laos
WAW , Warsaw, Poland
WDH , Windhoek, Namibia
WDS , Shiyan, Hubei, China
WHU , Wuhu, China
WUH , Wuhan, Hubei, China
WUX , Wuxi, China
XAP , Chapecó, Santa Catarina, Brazil
XFN , Xiangyang, Hubei, China
XIY , Xi'an, Shaanxi, China
XMN , Xiamen, Fujian, China
XNH , Nasiriyah, Iraq
XNN , Xining, Qinghai, China
YHZ , Halifax, Nova Scotia, Canada
YIH , Yichang, Hubei, China
YNJ , Yanji, Jilin, China
YOW , Ottawa, Ontario, Canada
YTY , Yangzhou / Taizhou, Jiangsu, China
YUL , Montreal, Quebec, Canada
YVR , Vancouver, British Columbia, Canada
YWG , Winnipeg, Manitoba, Canada
YXE , Saskatoon, Saskatchewan, Canada
YYC , Calgary, Alberta, Canada
YYZ , Toronto, Ontario, Canada
ZAG , Zagreb, Croatia
ZDM , Ramallah, Palestine
ZGN , Zhongshan, China
ZRH , Zürich, Switzerland
Your Location
